{"textures":{"0":"freeminecraftmodels:entity/em_steamworks_clk_wrx/blitzcrank"},"display":{"head":{"scale":[4.0,4.0,4.0],"translation":[0,-6.4,0]}},"elements":[{"from":[4.8,7.0,6.2],"to":[11.2,9.0,9.799999],"faces":{"north":{"uv":[12.3333,6.8889,14.1111,7.4444],"texture":"#0","tintindex":0,"rotation":0},"east":{"uv":[13.8889,1.1111,14.8889,1.6667],"texture":"#0","tintindex":0,"rotation":0},"south":{"uv":[7.1111,12.7778,8.8889,13.3333],"texture":"#0","tintindex":0,"rotation":0},"west":{"uv":[1.3333,13.8889,2.3333,14.4444],"texture":"#0","tintindex":0,"rotation":0},"up":{"uv":[12.7778,8.6667,11.0,7.6667],"texture":"#0","tintindex":0,"rotation":0},"down":{"uv":[12.7778,8.6667,11.0,9.6667],"texture":"#0","tintindex":0,"rotation":0}},"rotation":{"origin":[8.0,-2.200000077486038,8.19999971985817],"angle":0.0,"axis":"x"}}]}