{"textures":{"0":"freeminecraftmodels:entity/em_steamworks_clk_wrx/blitzcrank"},"display":{"head":{"translation":[0,-6.4,0],"scale":[4.0,4.0,4.0]}},"elements":[{"from":[6.802,3.3999996,8.2],"to":[10.802,7.799999,12.6],"faces":{"north":{"uv":[12.3333,5.6667,13.4444,6.8889],"texture":"#0","tintindex":0,"rotation":0},"east":{"uv":[10.0,11.6667,11.2222,12.8889],"texture":"#0","tintindex":0,"rotation":0},"south":{"uv":[12.4444,0.0,13.5556,1.2222],"texture":"#0","tintindex":0,"rotation":0},"west":{"uv":[11.2222,11.6667,12.4444,12.8889],"texture":"#0","tintindex":0,"rotation":0},"up":{"uv":[13.5556,12.6667,12.4444,11.4444],"texture":"#0","tintindex":0,"rotation":0},"down":{"uv":[13.6667,2.5556,12.5556,3.7778],"texture":"#0","tintindex":0,"rotation":0}},"rotation":{"origin":[8.802000045776367,2.599999874830246,10.599999815225601],"angle":0.0,"axis":"x"}},{"from":[7.202,3.0,7.7999997],"to":[8.402,8.200001,12.2],"faces":{"north":{"uv":[12.1111,12.8889,12.4444,14.3333],"texture":"#0","tintindex":0,"rotation":0},"east":{"uv":[0.0,11.2222,1.2222,12.6667],"texture":"#0","tintindex":0,"rotation":0},"south":{"uv":[11.5556,13.6667,11.8889,15.1111],"texture":"#0","tintindex":0,"rotation":0},"west":{"uv":[1.2222,11.2222,2.4444,12.6667],"texture":"#0","tintindex":0,"rotation":0},"up":{"uv":[14.3333,6.8889,14.0,5.6667],"texture":"#0","tintindex":0,"rotation":0},"down":{"uv":[6.1111,14.0,5.7778,15.2222],"texture":"#0","tintindex":0,"rotation":0}},"rotation":{"origin":[7.202000021934509,2.599999874830246,10.599999815225601],"angle":0.0,"axis":"x"}},{"from":[9.202,3.0,7.7999997],"to":[10.402,8.200001,12.2],"faces":{"north":{"uv":[12.4444,12.8889,12.1111,14.3333],"texture":"#0","tintindex":0,"rotation":0},"east":{"uv":[2.4444,11.2222,1.2222,12.6667],"texture":"#0","tintindex":0,"rotation":0},"south":{"uv":[11.8889,13.6667,11.5556,15.1111],"texture":"#0","tintindex":0,"rotation":0},"west":{"uv":[1.2222,11.2222,0.0,12.6667],"texture":"#0","tintindex":0,"rotation":0},"up":{"uv":[14.0,6.8889,14.3333,5.6667],"texture":"#0","tintindex":0,"rotation":0},"down":{"uv":[5.7778,14.0,6.1111,15.2222],"texture":"#0","tintindex":0,"rotation":0}},"rotation":{"origin":[10.402000069618225,2.599999874830246,10.599999815225601],"angle":0.0,"axis":"x"}},{"from":[7.602,5.0,7.3999996],"to":[10.002,7.3999996,7.7999997],"faces":{"north":{"uv":[13.8889,4.6667,14.5556,5.3333],"texture":"#0","tintindex":0,"rotation":0},"east":{"uv":[6.7778,13.6667,6.8889,14.3333],"texture":"#0","tintindex":0,"rotation":0},"south":{"uv":[12.7778,13.8889,13.4444,14.5556],"texture":"#0","tintindex":0,"rotation":0},"west":{"uv":[3.8889,14.3333,4.0,15.0],"texture":"#0","tintindex":0,"rotation":0},"up":{"uv":[5.5556,2.6667,4.8889,2.5556],"texture":"#0","tintindex":0,"rotation":0},"down":{"uv":[8.8889,4.5556,8.2222,4.6667],"texture":"#0","tintindex":0,"rotation":0}},"rotation":{"origin":[8.802000045776367,2.599999874830246,6.199999749660492],"angle":0.0,"axis":"x"}},{"from":[5.198,4.200001,3.3999996],"to":[5.198,13.0,12.2],"rotation":{"origin":[6.002000004053116,-7.8000002801418304,14.599999874830246],"angle":-22.5,"axis":"y"},"faces":{"north":{"uv":[0.0,0.0,0.0,2.4444],"texture":"#0","tintindex":0,"rotation":0},"east":{"uv":[0.0,7.1111,2.4444,9.5556],"texture":"#0","tintindex":0,"rotation":0},"south":{"uv":[0.0,0.0,0.0,2.4444],"texture":"#0","tintindex":0,"rotation":0},"west":{"uv":[2.4444,7.1111,0.0,9.5556],"texture":"#0","tintindex":0,"rotation":0},"up":{"uv":[0.0,2.4444,0.0,0.0],"texture":"#0","tintindex":0,"rotation":0},"down":{"uv":[0.0,0.0,0.0,2.4444],"texture":"#0","tintindex":0,"rotation":0}}}]}