{"textures":{"0":"freeminecraftmodels:entity/em_steamworks_clk_wrx/blitzcrank"},"display":{"head":{"translation":[0,-6.4,0],"scale":[4.0,4.0,4.0]}},"elements":[{"from":[5.2002,7.1999993,5.2],"to":[10.8001995,10.4,10.8],"faces":{"north":{"uv":[11.7778,9.6667,13.3333,10.5556],"texture":"#0","tintindex":0,"rotation":0},"east":{"uv":[11.7778,10.5556,13.3333,11.4444],"texture":"#0","tintindex":0,"rotation":0},"south":{"uv":[12.2222,1.6667,13.7778,2.5556],"texture":"#0","tintindex":0,"rotation":0},"west":{"uv":[12.3333,4.7778,13.8889,5.6667],"texture":"#0","tintindex":0,"rotation":0},"up":{"uv":[12.2222,3.2222,10.6667,1.6667],"texture":"#0","tintindex":0,"rotation":0},"down":{"uv":[12.5556,3.2222,11.0,4.7778],"texture":"#0","tintindex":0,"rotation":0}},"rotation":{"origin":[5.600200116634369,0.39999961853027344,7.999999910593033],"angle":0.0,"axis":"x"}},{"from":[6.8002005,3.1999993,6.7999997],"to":[8.8001995,7.1999993,9.2],"faces":{"north":{"uv":[13.4444,5.6667,14.0,6.7778],"texture":"#0","tintindex":0,"rotation":0},"east":{"uv":[6.8889,13.3333,7.5556,14.4444],"texture":"#0","tintindex":0,"rotation":0},"south":{"uv":[13.5556,0.0,14.1111,1.1111],"texture":"#0","tintindex":0,"rotation":0},"west":{"uv":[7.5556,13.3333,8.2222,14.4444],"texture":"#0","tintindex":0,"rotation":0},"up":{"uv":[14.4444,14.6667,13.8889,14.0],"texture":"#0","tintindex":0,"rotation":0},"down":{"uv":[14.6667,0.0,14.1111,0.6667],"texture":"#0","tintindex":0,"rotation":0}},"rotation":{"origin":[5.200200110673904,-2.8000004291534424,7.999999910593033],"angle":0.0,"axis":"x"}},{"from":[5.1998005,3.9999995,3.6],"to":[5.1998005,12.800001,12.4],"faces":{"north":{"uv":[0.0,0.0,0.0,2.4444],"texture":"#0","tintindex":0,"rotation":0},"east":{"uv":[0.0,7.1111,2.4444,9.5556],"texture":"#0","tintindex":0,"rotation":0},"south":{"uv":[0.0,0.0,0.0,2.4444],"texture":"#0","tintindex":0,"rotation":0},"west":{"uv":[2.4444,7.1111,0.0,9.5556],"texture":"#0","tintindex":0,"rotation":0},"up":{"uv":[0.0,2.4444,0.0,0.0],"texture":"#0","tintindex":0,"rotation":0},"down":{"uv":[0.0,0.0,0.0,2.4444],"texture":"#0","tintindex":0,"rotation":0}},"rotation":{"origin":[5.600200116634369,1.5999996364116669,7.999999910593033],"angle":0.0,"axis":"x"}}]}