{"textures":{"0":"freeminecraftmodels:entity/em_steamworks_clk_wrx/blitzcrank"},"display":{"head":{"translation":[0,-6.4,0],"scale":[4.0,4.0,4.0]}},"elements":[{"from":[7.4548807,8.173309,7.3999996],"to":[9.45488,12.173309,9.8],"faces":{"north":{"uv":[13.6667,2.5556,14.2222,3.6667],"texture":"#0","tintindex":0,"rotation":0},"east":{"uv":[8.2222,13.3333,8.8889,14.4444],"texture":"#0","tintindex":0,"rotation":0},"south":{"uv":[4.4444,13.6667,5.0,14.7778],"texture":"#0","tintindex":0,"rotation":0},"west":{"uv":[13.3333,9.5556,14.0,10.6667],"texture":"#0","tintindex":0,"rotation":0},"up":{"uv":[14.7778,3.2222,14.2222,2.5556],"texture":"#0","tintindex":0,"rotation":0},"down":{"uv":[14.7778,6.8889,14.2222,7.5556],"texture":"#0","tintindex":0,"rotation":0}},"rotation":{"origin":[5.8548803627491,2.173309028148651,8.599999815225601],"angle":0.0,"axis":"x"}},{"from":[6.25488,6.973309,6.2],"to":[9.85488,9.77331,10.6],"faces":{"north":{"uv":[10.1111,12.8889,11.1111,13.6667],"texture":"#0","tintindex":0,"rotation":0},"east":{"uv":[12.7778,8.7778,14.0,9.5556],"texture":"#0","tintindex":0,"rotation":0},"south":{"uv":[11.1111,12.8889,12.1111,13.6667],"texture":"#0","tintindex":0,"rotation":0},"west":{"uv":[4.4444,12.8889,5.6667,13.6667],"texture":"#0","tintindex":0,"rotation":0},"up":{"uv":[2.4444,13.8889,1.4444,12.6667],"texture":"#0","tintindex":0,"rotation":0},"down":{"uv":[13.4444,12.6667,12.4444,13.8889],"texture":"#0","tintindex":0,"rotation":0}},"rotation":{"origin":[5.8548803627491,-1.8266910314559937,8.599999815225601],"angle":0.0,"axis":"x"}},{"from":[7.8548803,4.573309,5.0],"to":[9.45488,7.773309,6.6],"faces":{"north":{"uv":[14.0,8.7778,14.4444,9.6667],"texture":"#0","tintindex":0,"rotation":0},"east":{"uv":[8.8889,14.0,9.3333,14.8889],"texture":"#0","tintindex":0,"rotation":0},"south":{"uv":[9.3333,14.0,9.7778,14.8889],"texture":"#0","tintindex":0,"rotation":0},"west":{"uv":[14.0,9.6667,14.4444,10.5556],"texture":"#0","tintindex":0,"rotation":0},"up":{"uv":[3.4444,14.7778,3.0,14.3333],"texture":"#0","tintindex":0,"rotation":0},"down":{"uv":[3.8889,14.3333,3.4444,14.7778],"texture":"#0","tintindex":0,"rotation":0}},"rotation":{"origin":[8.254880398511887,-1.4266910254955292,7.399999797344208],"angle":0.0,"axis":"x"}},{"from":[5.4548807,5.373309,5.7999997],"to":[7.05488,6.973309,11.0],"faces":{"north":{"uv":[14.3333,5.6667,14.7778,6.1111],"texture":"#0","tintindex":0,"rotation":0},"east":{"uv":[12.4444,1.2222,13.8889,1.6667],"texture":"#0","tintindex":0,"rotation":0},"south":{"uv":[14.3333,6.1111,14.7778,6.5556],"texture":"#0","tintindex":0,"rotation":0},"west":{"uv":[13.3333,10.6667,14.7778,11.1111],"texture":"#0","tintindex":0,"rotation":0},"up":{"uv":[4.4444,14.7778,4.0,13.3333],"texture":"#0","tintindex":0,"rotation":0},"down":{"uv":[13.8889,12.6667,13.4444,14.1111],"texture":"#0","tintindex":0,"rotation":0}},"rotation":{"origin":[5.8548803627491,-2.226691037416458,8.599999815225601],"angle":0.0,"axis":"x"}},{"from":[8.94512,3.8266907,5.8004],"to":[10.54512,6.226691,10.999599],"rotation":{"origin":[9.345119805521058,-2.973309374699739,8.599999815225601],"angle":22.5,"axis":"z"},"faces":{"north":{"uv":[2.4444,7.1111,2.8889,7.7778],"texture":"#0","tintindex":0,"rotation":0},"east":{"uv":[12.7778,7.4444,14.2222,8.1111],"texture":"#0","tintindex":0,"rotation":0},"south":{"uv":[13.4444,14.1111,13.8889,14.7778],"texture":"#0","tintindex":0,"rotation":0},"west":{"uv":[12.7778,8.1111,14.2222,8.7778],"texture":"#0","tintindex":0,"rotation":0},"up":{"uv":[0.4444,15.0,0.0,13.5556],"texture":"#0","tintindex":0,"rotation":0},"down":{"uv":[0.8889,13.5556,0.4444,15.0],"texture":"#0","tintindex":0,"rotation":0}}}]}