{"textures":{"0":"freeminecraftmodels:entity/em_steamworks_clk_wrx/blitzcrank"},"display":{"head":{"translation":[0,-6.4,0],"scale":[4.0,4.0,4.0]}},"elements":[{"from":[5.8,7.4,6.6],"to":[10.200001,8.6,9.4],"faces":{"north":{"uv":[15.0,2.2222,13.7778,2.5556],"texture":"#0","tintindex":0,"rotation":0},"east":{"uv":[11.7778,9.6667,11.0,10.0],"texture":"#0","tintindex":0,"rotation":0},"south":{"uv":[15.1111,5.3333,13.8889,5.6667],"texture":"#0","tintindex":0,"rotation":0},"west":{"uv":[5.6667,2.2222,4.8889,2.5556],"texture":"#0","tintindex":0,"rotation":0},"up":{"uv":[5.6667,13.6667,6.8889,12.8889],"texture":"#0","tintindex":0,"rotation":0},"down":{"uv":[8.8889,12.8889,10.1111,13.6667],"texture":"#0","tintindex":0,"rotation":0}},"rotation":{"origin":[11.400000482797623,0.5999999940395355,10.999999791383743],"angle":0.0,"axis":"x"}}]}