{"textures":{"0":"freeminecraftmodels:entity/em_steamworks_clk_wrx/blitzcrank"},"display":{"head":{"scale":[4.0,4.0,4.0],"translation":[0,-6.4,0]}},"elements":[{"from":[6.5451202,8.173309,7.3999996],"to":[8.54512,12.173309,9.8],"faces":{"north":{"uv":[14.2222,2.5556,13.6667,3.6667],"texture":"#0","tintindex":0,"rotation":0},"east":{"uv":[14.0,9.5556,13.3333,10.6667],"texture":"#0","tintindex":0,"rotation":0},"south":{"uv":[5.0,13.6667,4.4444,14.7778],"texture":"#0","tintindex":0,"rotation":0},"west":{"uv":[8.8889,13.3333,8.2222,14.4444],"texture":"#0","tintindex":0,"rotation":0},"up":{"uv":[14.2222,3.2222,14.7778,2.5556],"texture":"#0","tintindex":0,"rotation":0},"down":{"uv":[14.2222,6.8889,14.7778,7.5556],"texture":"#0","tintindex":0,"rotation":0}},"rotation":{"origin":[10.145120114088058,2.173309028148651,8.599999815225601],"angle":0.0,"axis":"x"}},{"from":[6.14512,6.973309,6.2],"to":[9.745121,9.77331,10.6],"faces":{"north":{"uv":[11.1111,12.8889,10.1111,13.6667],"texture":"#0","tintindex":0,"rotation":0},"east":{"uv":[5.6667,12.8889,4.4444,13.6667],"texture":"#0","tintindex":0,"rotation":0},"south":{"uv":[12.1111,12.8889,11.1111,13.6667],"texture":"#0","tintindex":0,"rotation":0},"west":{"uv":[14.0,8.7778,12.7778,9.5556],"texture":"#0","tintindex":0,"rotation":0},"up":{"uv":[1.4444,13.8889,2.4444,12.6667],"texture":"#0","tintindex":0,"rotation":0},"down":{"uv":[12.4444,12.6667,13.4444,13.8889],"texture":"#0","tintindex":0,"rotation":0}},"rotation":{"origin":[10.145120114088058,-1.8266910314559937,8.599999815225601],"angle":0.0,"axis":"x"}},{"from":[6.5451202,4.573309,5.0],"to":[8.145121,7.773309,6.6],"faces":{"north":{"uv":[14.4444,8.7778,14.0,9.6667],"texture":"#0","tintindex":0,"rotation":0},"east":{"uv":[14.4444,9.6667,14.0,10.5556],"texture":"#0","tintindex":0,"rotation":0},"south":{"uv":[9.7778,14.0,9.3333,14.8889],"texture":"#0","tintindex":0,"rotation":0},"west":{"uv":[9.3333,14.0,8.8889,14.8889],"texture":"#0","tintindex":0,"rotation":0},"up":{"uv":[3.0,14.7778,3.4444,14.3333],"texture":"#0","tintindex":0,"rotation":0},"down":{"uv":[3.4444,14.3333,3.8889,14.7778],"texture":"#0","tintindex":0,"rotation":0}},"rotation":{"origin":[7.745120078325272,-1.4266910254955292,7.399999797344208],"angle":0.0,"axis":"x"}},{"from":[8.94512,5.373309,5.7999997],"to":[10.54512,6.973309,11.0],"faces":{"north":{"uv":[14.7778,5.6667,14.3333,6.1111],"texture":"#0","tintindex":0,"rotation":0},"east":{"uv":[14.7778,10.6667,13.3333,11.1111],"texture":"#0","tintindex":0,"rotation":0},"south":{"uv":[14.7778,6.1111,14.3333,6.5556],"texture":"#0","tintindex":0,"rotation":0},"west":{"uv":[13.8889,1.2222,12.4444,1.6667],"texture":"#0","tintindex":0,"rotation":0},"up":{"uv":[4.0,14.7778,4.4444,13.3333],"texture":"#0","tintindex":0,"rotation":0},"down":{"uv":[13.4444,12.6667,13.8889,14.1111],"texture":"#0","tintindex":0,"rotation":0}},"rotation":{"origin":[10.145120114088058,-2.226691037416458,8.599999815225601],"angle":0.0,"axis":"x"}},{"from":[5.4548807,3.8266907,5.8004],"to":[7.05488,6.226691,10.999599],"rotation":{"origin":[6.654880671316099,-2.973309374699739,8.599999815225601],"angle":-22.5,"axis":"z"},"faces":{"north":{"uv":[2.8889,7.1111,2.4444,7.7778],"texture":"#0","tintindex":0,"rotation":0},"east":{"uv":[14.2222,8.1111,12.7778,8.7778],"texture":"#0","tintindex":0,"rotation":0},"south":{"uv":[13.8889,14.1111,13.4444,14.7778],"texture":"#0","tintindex":0,"rotation":0},"west":{"uv":[14.2222,7.4444,12.7778,8.1111],"texture":"#0","tintindex":0,"rotation":0},"up":{"uv":[0.0,15.0,0.4444,13.5556],"texture":"#0","tintindex":0,"rotation":0},"down":{"uv":[0.4444,13.5556,0.8889,15.0],"texture":"#0","tintindex":0,"rotation":0}}}]}