{"textures":{"0":"freeminecraftmodels:entity/em_steamworks_clk_wrx/blitzcrank"},"display":{"head":{"translation":[0,-6.4,0],"scale":[4.0,4.0,4.0]}},"elements":[{"from":[6.2,5.3999996,5.0],"to":[9.8,6.5999994,11.0],"faces":{"north":{"uv":[9.2222,4.2222,8.2222,4.5556],"texture":"#0","tintindex":0,"rotation":0},"east":{"uv":[10.5556,13.6667,8.8889,14.0],"texture":"#0","tintindex":0,"rotation":0},"south":{"uv":[15.2222,7.5556,14.2222,7.8889],"texture":"#0","tintindex":0,"rotation":0},"west":{"uv":[6.6667,13.6667,5.0,14.0],"texture":"#0","tintindex":0,"rotation":0},"up":{"uv":[2.4444,13.3333,3.4444,11.6667],"texture":"#0","tintindex":0,"rotation":0},"down":{"uv":[3.4444,11.6667,4.4444,13.3333],"texture":"#0","tintindex":0,"rotation":0}},"rotation":{"origin":[11.400000005960464,-1.4000004827976227,10.20000022649765],"angle":0.0,"axis":"x"}},{"from":[6.6,6.5999994,6.2000003],"to":[9.4,8.599999,9.8],"faces":{"north":{"uv":[14.7778,3.6667,14.0,4.2222],"texture":"#0","tintindex":0,"rotation":0},"east":{"uv":[14.7778,1.6667,13.7778,2.2222],"texture":"#0","tintindex":0,"rotation":0},"south":{"uv":[5.7778,14.0,5.0,14.5556],"texture":"#0","tintindex":0,"rotation":0},"west":{"uv":[11.5556,13.6667,10.5556,14.2222],"texture":"#0","tintindex":0,"rotation":0},"up":{"uv":[2.4444,14.3333,3.2222,13.3333],"texture":"#0","tintindex":0,"rotation":0},"down":{"uv":[3.2222,13.3333,4.0,14.3333],"texture":"#0","tintindex":0,"rotation":0}},"rotation":{"origin":[11.400000005960464,-0.20000046491622925,9.000000208616257],"angle":0.0,"axis":"x"}},{"from":[7.3999996,8.599999,7.0],"to":[8.6,10.6,9.0],"faces":{"north":{"uv":[11.0,3.2222,10.6667,3.7778],"texture":"#0","tintindex":0,"rotation":0},"east":{"uv":[14.7778,8.1111,14.2222,8.6667],"texture":"#0","tintindex":0,"rotation":0},"south":{"uv":[12.5556,2.5556,12.2222,3.1111],"texture":"#0","tintindex":0,"rotation":0},"west":{"uv":[10.5556,1.6667,10.0,2.2222],"texture":"#0","tintindex":0,"rotation":0},"up":{"uv":[12.1111,14.8889,12.4444,14.3333],"texture":"#0","tintindex":0,"rotation":0},"down":{"uv":[1.3333,14.4444,1.6667,15.0],"texture":"#0","tintindex":0,"rotation":0}},"rotation":{"origin":[11.400000005960464,1.7999995648860931,9.000000208616257],"angle":0.0,"axis":"x"}}]}