{"textures":{"0":"freeminecraftmodels:entity/em_steamworks_clk_wrx/blitzcrank"},"display":{"head":{"scale":[4.0,4.0,4.0],"translation":[0,-6.4,0]}},"elements":[{"from":[2.7999997,3.0000005,4.3999996],"to":[13.200001,11.0,12.4],"faces":{"north":{"uv":[0.0,2.6667,2.8889,4.8889],"texture":"#0","tintindex":0,"rotation":0},"east":{"uv":[7.7778,0.0,10.0,2.2222],"texture":"#0","tintindex":0,"rotation":0},"south":{"uv":[2.8889,2.6667,5.7778,4.8889],"texture":"#0","tintindex":0,"rotation":0},"west":{"uv":[2.4444,7.7778,4.6667,10.0],"texture":"#0","tintindex":0,"rotation":0},"up":{"uv":[2.8889,7.1111,0.0,4.8889],"texture":"#0","tintindex":0,"rotation":0},"down":{"uv":[7.7778,0.0,4.8889,2.2222],"texture":"#0","tintindex":0,"rotation":0}},"rotation":{"origin":[8.0,1.0000002682209015,8.400000005960464],"angle":0.0,"axis":"x"}},{"from":[4.0,1.8000002,5.6],"to":[12.0,12.2,11.6],"faces":{"north":{"uv":[2.8889,4.8889,5.1111,7.7778],"texture":"#0","tintindex":0,"rotation":0},"east":{"uv":[9.3333,4.2222,11.0,7.1111],"texture":"#0","tintindex":0,"rotation":0},"south":{"uv":[5.1111,4.8889,7.3333,7.7778],"texture":"#0","tintindex":0,"rotation":0},"west":{"uv":[9.3333,7.1111,11.0,10.0],"texture":"#0","tintindex":0,"rotation":0},"up":{"uv":[4.6667,11.6667,2.4444,10.0],"texture":"#0","tintindex":0,"rotation":0},"down":{"uv":[11.7778,10.0,9.5556,11.6667],"texture":"#0","tintindex":0,"rotation":0}},"rotation":{"origin":[8.0,1.0000002682209015,8.400000005960464],"angle":0.0,"axis":"x"}},{"from":[3.6,2.2000003,4.8],"to":[12.4,11.8,12.0],"faces":{"north":{"uv":[0.0,0.0,2.4444,2.6667],"texture":"#0","tintindex":0,"rotation":0},"east":{"uv":[7.3333,4.6667,9.3333,7.3333],"texture":"#0","tintindex":0,"rotation":0},"south":{"uv":[2.4444,0.0,4.8889,2.6667],"texture":"#0","tintindex":0,"rotation":0},"west":{"uv":[7.3333,7.3333,9.3333,10.0],"texture":"#0","tintindex":0,"rotation":0},"up":{"uv":[7.1111,9.7778,4.6667,7.7778],"texture":"#0","tintindex":0,"rotation":0},"down":{"uv":[10.6667,2.2222,8.2222,4.2222],"texture":"#0","tintindex":0,"rotation":0}},"rotation":{"origin":[8.0,1.0000002682209015,8.400000005960464],"angle":0.0,"axis":"x"}},{"from":[4.3999996,9.400001,4.8],"to":[4.3999996,13.400001,10.0],"rotation":{"origin":[8.400000005960464,8.200000375509262,7.199999988079071],"angle":-45.0,"axis":"y"},"faces":{"north":{"uv":[0.0,0.0,0.0,1.1111],"texture":"#0","tintindex":0,"rotation":0},"east":{"uv":[10.0,11.6667,8.5556,12.7778],"texture":"#0","tintindex":0,"rotation":0},"south":{"uv":[0.0,0.0,0.0,1.1111],"texture":"#0","tintindex":0,"rotation":0},"west":{"uv":[8.5556,11.6667,10.0,12.7778],"texture":"#0","tintindex":0,"rotation":0},"up":{"uv":[0.0,1.4444,0.0,0.0],"texture":"#0","tintindex":0,"rotation":0},"down":{"uv":[0.0,0.0,0.0,1.4444],"texture":"#0","tintindex":0,"rotation":0}}},{"from":[11.6,9.400001,4.8],"to":[11.6,13.400001,10.0],"rotation":{"origin":[7.5999999940395355,8.200000375509262,7.199999988079071],"angle":45.0,"axis":"y"},"faces":{"north":{"uv":[0.0,0.0,0.0,1.1111],"texture":"#0","tintindex":0,"rotation":0},"east":{"uv":[10.0,11.6667,8.5556,12.7778],"texture":"#0","tintindex":0,"rotation":0},"south":{"uv":[0.0,0.0,0.0,1.1111],"texture":"#0","tintindex":0,"rotation":0},"west":{"uv":[8.5556,11.6667,10.0,12.7778],"texture":"#0","tintindex":0,"rotation":0},"up":{"uv":[0.0,1.4444,0.0,0.0],"texture":"#0","tintindex":0,"rotation":0},"down":{"uv":[0.0,0.0,0.0,1.4444],"texture":"#0","tintindex":0,"rotation":0}}},{"from":[3.1999998,11.0,6.0],"to":[4.8,14.2,11.2],"faces":{"north":{"uv":[9.7778,14.0,10.2222,14.8889],"texture":"#0","tintindex":0,"rotation":0},"east":{"uv":[12.5556,3.7778,14.0,4.6667],"texture":"#0","tintindex":0,"rotation":0},"south":{"uv":[14.0,11.1111,14.4444,12.0],"texture":"#0","tintindex":0,"rotation":0},"west":{"uv":[0.0,12.6667,1.4444,13.5556],"texture":"#0","tintindex":0,"rotation":0},"up":{"uv":[1.3333,15.0,0.8889,13.5556],"texture":"#0","tintindex":0,"rotation":0},"down":{"uv":[14.0,11.1111,13.5556,12.5556],"texture":"#0","tintindex":0,"rotation":0}},"rotation":{"origin":[8.0,9.000000387430191,8.400000005960464],"angle":0.0,"axis":"x"}},{"from":[5.6,12.2,6.0],"to":[10.4,13.000001,11.2],"faces":{"north":{"uv":[10.2222,14.2222,11.5556,14.4444],"texture":"#0","tintindex":0,"rotation":0},"east":{"uv":[14.2222,3.4444,15.6667,3.6667],"texture":"#0","tintindex":0,"rotation":0},"south":{"uv":[14.2222,12.4444,15.5556,12.6667],"texture":"#0","tintindex":0,"rotation":0},"west":{"uv":[14.2222,7.8889,15.6667,8.1111],"texture":"#0","tintindex":0,"rotation":0},"up":{"uv":[12.3333,6.2222,11.0,4.7778],"texture":"#0","tintindex":0,"rotation":0},"down":{"uv":[12.3333,6.2222,11.0,7.6667],"texture":"#0","tintindex":0,"rotation":0}},"rotation":{"origin":[8.0,11.400000423192978,8.400000005960464],"angle":0.0,"axis":"x"}},{"from":[11.2,11.0,6.0],"to":[12.8,14.2,11.2],"faces":{"north":{"uv":[10.2222,14.0,9.7778,14.8889],"texture":"#0","tintindex":0,"rotation":0},"east":{"uv":[1.4444,12.6667,0.0,13.5556],"texture":"#0","tintindex":0,"rotation":0},"south":{"uv":[14.4444,11.1111,14.0,12.0],"texture":"#0","tintindex":0,"rotation":0},"west":{"uv":[14.0,3.7778,12.5556,4.6667],"texture":"#0","tintindex":0,"rotation":0},"up":{"uv":[0.8889,15.0,1.3333,13.5556],"texture":"#0","tintindex":0,"rotation":0},"down":{"uv":[13.5556,11.1111,14.0,12.5556],"texture":"#0","tintindex":0,"rotation":0}},"rotation":{"origin":[8.0,9.000000387430191,8.400000005960464],"angle":0.0,"axis":"x"}},{"from":[5.2,3.8000002,3.6],"to":[10.8,4.6000004,4.3999996],"faces":{"north":{"uv":[14.0,12.2222,15.5556,12.4444],"texture":"#0","tintindex":0,"rotation":0},"east":{"uv":[12.5556,7.4444,12.7778,7.6667],"texture":"#0","tintindex":0,"rotation":0},"south":{"uv":[14.1111,0.6667,15.6667,0.8889],"texture":"#0","tintindex":0,"rotation":0},"west":{"uv":[6.8889,12.8889,7.1111,13.1111],"texture":"#0","tintindex":0,"rotation":0},"up":{"uv":[15.6667,1.1111,14.1111,0.8889],"texture":"#0","tintindex":0,"rotation":0},"down":{"uv":[15.7778,3.2222,14.2222,3.4444],"texture":"#0","tintindex":0,"rotation":0}},"rotation":{"origin":[8.0,1.0000002682209015,0.3999998867511749],"angle":0.0,"axis":"x"}},{"from":[10.0,4.6000004,3.6],"to":[10.8,8.6,4.3999996],"faces":{"north":{"uv":[7.1111,7.7778,7.3333,8.8889],"texture":"#0","tintindex":0,"rotation":0},"east":{"uv":[7.1111,8.8889,7.3333,10.0],"texture":"#0","tintindex":0,"rotation":0},"south":{"uv":[4.4444,11.6667,4.6667,12.7778],"texture":"#0","tintindex":0,"rotation":0},"west":{"uv":[11.8889,13.6667,12.1111,14.7778],"texture":"#0","tintindex":0,"rotation":0},"up":{"uv":[12.0,11.6667,11.7778,11.4444],"texture":"#0","tintindex":0,"rotation":0},"down":{"uv":[12.2222,11.4444,12.0,11.6667],"texture":"#0","tintindex":0,"rotation":0}},"rotation":{"origin":[8.0,1.0000002682209015,0.3999998867511749],"angle":0.0,"axis":"x"}},{"from":[5.2,4.6000004,3.6],"to":[6.0,8.6,4.3999996],"faces":{"north":{"uv":[14.2222,12.6667,14.4444,13.7778],"texture":"#0","tintindex":0,"rotation":0},"east":{"uv":[2.3333,14.3333,2.5556,15.4444],"texture":"#0","tintindex":0,"rotation":0},"south":{"uv":[2.5556,14.3333,2.7778,15.4444],"texture":"#0","tintindex":0,"rotation":0},"west":{"uv":[2.7778,14.3333,3.0,15.4444],"texture":"#0","tintindex":0,"rotation":0},"up":{"uv":[12.4444,11.6667,12.2222,11.4444],"texture":"#0","tintindex":0,"rotation":0},"down":{"uv":[12.5556,7.4444,12.3333,7.6667],"texture":"#0","tintindex":0,"rotation":0}},"rotation":{"origin":[3.1999999284744263,1.0000002682209015,0.3999998867511749],"angle":0.0,"axis":"x"}},{"from":[5.2,8.6,3.6],"to":[10.8,9.400001,4.3999996],"faces":{"north":{"uv":[5.7778,4.6667,7.3333,4.8889],"texture":"#0","tintindex":0,"rotation":0},"east":{"uv":[10.6667,3.7778,10.8889,4.0],"texture":"#0","tintindex":0,"rotation":0},"south":{"uv":[14.0,4.2222,15.5556,4.4444],"texture":"#0","tintindex":0,"rotation":0},"west":{"uv":[10.6667,4.0,10.8889,4.2222],"texture":"#0","tintindex":0,"rotation":0},"up":{"uv":[15.5556,4.6667,14.0,4.4444],"texture":"#0","tintindex":0,"rotation":0},